{"storymap": {"attribution": "", "call_to_action": true, "call_to_action_text": "", "map_as_image": false, "map_subdomains": "", "map_type": "osm:standard", "slides": [{"date": "", "location": {"line": true}, "media": {"caption": "Mexico City \u2013 Palacio Nacional. Mural by Diego Rivera showing the History of Mexico: Detail showing the burning of Maya literature by the Catholic Church.", "credit": "Wolfgang Sauber", "url": "https://contendingmodernities.nd.edu/wp-content/uploads/2020/02/800px-Murales_Rivera_-_Treppenhaus_9_B%C3%BCcherverbrennung-1.jpg"}, "text": {"headline": "DECOLONIALITY", "text": "Decoloniality is&nbsp;<strong>a school of thought used principally by an emerging Latin American movement which focuses on untangling the production of knowledge from a primarily Eurocentric episteme</strong><span>. It critiques the perceived universality of Western knowledge and the superiority of Western culture.</span>"}, "type": "overview"}, {"date": "", "location": {"lat": 48.861385, "line": true, "lon": 2.334911, "use_custom_marker": false, "zoom": 12}, "media": {"caption": "", "credit": "", "url": "https://upload.wikimedia.org/wikipedia/commons/thumb/e/ec/Mona_Lisa%2C_by_Leonardo_da_Vinci%2C_from_C2RMF_retouched.jpg/1200px-Mona_Lisa%2C_by_Leonardo_da_Vinci%2C_from_C2RMF_retouched.jpg"}, "text": {"headline": "DA VINCI, MONALISA (1503--\u20101519)", "text": "<a href=\"https://www.louvre.fr/en\" target=\"_blank\" rel=\"nofollow\">Louvre Museum.&nbsp;</a><br>From the Middle Ages up to the 19th century, works of art that showed black people usually represented them as servants or secondary figures.&nbsp;They were not deemed worthy subjects of paintings, sculptures, or other kinds of cultural works."}}, {"date": "", "location": {"lat": 40.419701, "line": true, "lon": -3.68839, "use_custom_marker": false, "zoom": 12}, "media": {"caption": "Montezuma Cypress (Taxodium mucronatum) \nSpanish colonization. Mexican tree that is related to the conquest of Tenochtitlan.", "credit": "", "url": "https://www.monumentaltrees.com/db/17/600/17294.jpg"}, "text": {"headline": "Ahuehuete tree in the Retiro Park", "text": "While the cultural Renaissance was taking place in Europe in the 16th century, the colonization of America by European monarchies was taking place on the other side of the Atlantic.\n\nThe first seeds or seedlings of this species arrived in Spain at the end of the 18th century from the naturalist expeditions through America commissioned by the Spanish Crown, in the midst of the Enlightenment."}}, {"date": "", "location": {"lat": 40.7789, "line": true, "lon": -73.9622, "use_custom_marker": false, "zoom": 12}, "media": {"caption": "Juan de Pareja (1606\u20131670). Metropolitan Museum of Art, NY .", "credit": "Sailko. Under the Creative Commons Attribution-Share Alike 3.0 Unported license.", "url": "https://upload.wikimedia.org/wikipedia/commons/0/07/Vel%C3%A1zquez%2C_juan_de_pareja%2C_1630.JPG"}, "text": {"headline": "Velazquez, Portrait of Juan de Pareja, (1650)", "text": "<span>The Portrait of Juan de Pareja is a painting by Spanish artist Diego Vel\u00e1zquez of his assistant Juan de Pareja, a notable painter in his own right, who was enslaved and owned by Vel\u00e1zquez at the time the painting was completed.&nbsp;</span>De Pareja was of Moorish descent."}}, {"date": "", "location": {"lat": 40.413537, "line": true, "lon": -3.691307, "use_custom_marker": false, "zoom": 12}, "media": {"caption": "La vocaci\u00f3n de San Mateo\n1661. \u00d3leo sobre lienzo, 225 x 325 cm\nSala 016A", "credit": "Museo Nacional del Prado", "url": "https://content3.cdnprado.net/imagenes/Documentos/imgsem/34/3491/34917e11-611e-451d-84df-a0efb1ac6381/39803142-cdfe-4990-9444-b1c5bba799a8_832.jpg"}, "text": {"headline": "Juan de Pareja, La vocaci\u00f3n de San Mateo, (1661)", "text": "<span>Pareja produced religious paintings that show a deep understanding of\nWestern artistic conventions.</span>"}}], "zoomify": false}}